processed_text;id;label
harus foto ktp selfie kode otp tipu;0;-1
bayar dana gagal tolong baik kode bayar info masalah;1;-1
usaha daftar tidak alas foto ktp verifikasi foto beda mohon tanggap;2;-1
waktu foto cocok foto ktp pernah aneh padahal muka lebih coba gagal solusi;3;-1
kurang kaga buat bayar pajak parah;4;-1
daftar kesah stnk tidak dapat proses anda perlu verifikasi nik data samsat sering bayar pajak baru nyata nik belum verifikasi;5;-1
daftar aplikasi sulit tulis email salah padahal bener tulis seperti email daftar harus tanpa nomor padahal email kata nomor daftar masuk;6;-1
daftar foto wajah ktp tahun tara foto tahun jelas beda aplikasi dulu samolnas lebih gampang daftar bayar pajak sulit bayar bayar pajak denda;7;-1
daftar malah masalah koneksi internet padahal sinyal penuh buka aplikasi;8;-1
aplikasi signal tidak dapat proses pkb stnk jatuh tempo;9;-1
masa verifikasi sulit amat foto ktp rambut panjang verifikasi rambut buruk masa harus nunggu panjang aplikasi autis;10;-1
aplikasi buruk verifikasi email buka email malah link kadaluarsa males aplikasi otomatis hapus;11;-1
kirim dokumen lama;12;-1
buat kode pertama laku bayar tidak laku kode tidak temu coba bank aplikasi dana akhir buat kode pertama kadaluarsa hasil masih bayar kode masalah hubung live otp sambung agen live chat hanya robot meladenin haduh;13;-1
verifikasi gagal padahal ktp wajah;14;-1
baru unduh sempat samsat bayar via dana coba bukalapak alhasil kata kasir aplikasi tolong bantu coba;15;-1
foto ktp tidak sesuai terang;16;-1
verifikasi gagal mulu bapak ktp foto profil beda begitu rusak aplikasi bantu;17;-1
aplikasi verifikasi email ubah verifikasi email buka beranda begitu klik beranda verifikasi email buruk tidak puas layan guna aplikasi;18;-1
bayar maintenance bayar mobil banking belum tolong support;19;-1
aplikasi bagus sekali bayar via tokopedia aplikasi muncul notifikasi bahwa bayar laku kesah stnk pun sungguh bagus banget;20;-1
aplikasi jelek segi user alam kasi jelas kata sulit paham ajar bingung buat orang awam banyak kalimat panjang titik tidak haduh parah sistem gagal mulu anggar dah;21;-1
verifikasi gagal;22;-1
mantap verifikasi tahap salah tolong sulit guna;23;-1
daftar sulit foto ulang masih suruh verifikasi mulu;24;-1
sulit;25;-1
aplikasi masukin data coba signal nomor kendara tidak tambah rekomendasi kata bagus balik buruk;26;-1
buruk otp kirim;27;-1
sulit verifikasi sampai ganti email email verifikasi masuk;28;-1
tahun;29;-1
kasih bintang dulu daftar padahal ktp sendiri;30;-1
aplikasi simpel agak sulit belum daftar kurang mudah sulit gagal foto muka daftar mudah orang bayar pajak malah sulit;31;-1
laku bayar tidak cek status duit;32;-1
tidak laku bayar via transfer bank wilayah kalimantan tengah;33;-1
kemari tekan tombol kesah stnk jawab tidak hasil daftar daftar kesah stnk tidak dapat proses silah samsat hubung call tengah kami mohon bantu;34;-1
daftar akun;35;-1
bayar kata mentance signal suruh datang jam pagi malam tidak laku transaksi aplikasi kasih waktu jam jelas tidak transaksi malam pihak signal kurang kopi;36;-1
proses nyata lambat kira bayar aplikasi tinggal dtg ambil surat pajak nyata dtg ambil surat pajak uang transfer masuk kas daerah padahal transaksi sblm note daerah layan antar rumah ambil sendiri kantor samsat;37;-1
aplikasi verifikasi wajah gagal masak kenal foto asli ktp;38;-1
verifikasi ktp wajah gagal;39;-1
masa daftar vermuk alas;40;-1
verifikasi sulit poto jelas gagal;41;-1
buruk;42;-1
uang buang percuma bayar saldo kurang status aplikasi bayar gagal hubung email sosmed tidak tanggap aplikasi penting kalah aplikasi pasar cepat tanggap layan keluh langgan;43;-1
unggah foto salah solusi;44;-1
aplikasi jelas;45;-1
verifikasi gagal padahal ulang;46;-1
aplikasi payah masa foto ktp wajah jelas beda foto ktp tahun tahun payah yng buat aplikasi;47;-1
daftar stnk proses suruh samsat percuma aplikasi;48;-1
aplikasi jelek banget foto ktp selfie foto profile tidak;49;-1
selesai proses cetak kantor samsat tidak kata belum daftar padahal sukses tunjuk bukti signal tidak akhir print sendiri warnet tolong baik sistem trimakasih;50;-1
tidak jelas;51;-1
kendara tidak tambah pdhl kendara data pribadi sesuai;52;-1
manfaat kira tidak biaya jasa kirim kota cuma bayar tambah buat nyata mahal banget lebih ongkir semarang jakarta sopi ijo gratis ongkir malah;53;-1
aplikasi lambat sesal unduh it kurang mantap tangan aplikasi seperti hampir jam muter unggah bukti unggah kesini memang belum layak tolong uji dulu jangan main share harus guna aplikasi tiap buka menu muter buka profile muter spesifikasi hp hp redmi note dukung tidak mungkin masalah hp;54;-1
kata nomor telepon tidak daftar payah;55;-1
bayar atm transaksi gagal blibli nomor tidak valid bayar pajak sulit;56;-1
tiap verifikasi foto wajah gagal;57;-1
terlalu canggih verifikasi wajah gagal;58;-1
layan parah samsat pos sesal layan signal;59;-1
tidak bantu mudah sekali;60;-1
data kendara tidak hasil tambah ujung ujung mesti dateng samsat aplikasi ginian fungsi;61;-1
tidak log tidak dapat dapat email konfirmasi sampai gagal aplikasi masih;62;-1
bayar aplikasi belum pemberitahuan bayar gagal proses;63;-1
guna;64;-1
aplikasi tolak verifikasi ktp wajah coba baru sistem coba soal;65;-1
uang potong rekening status bayar ubah duit banyak hubung respon;66;-1
samsat bogor;67;-1
verifikasi ktp foto baru lolos coba lolos verifikasi hp servernya gagal coba weekend weekend servernya libur;68;-1
foto tidak sinkronisasi profil foto kata;69;-1
verifikasi gagal sampai foto ktp foto selfie verifikasi;70;-1
foto sampai gagal verifikasi harus jika aplikasi buat mudah harus sulit verifikasi;71;-1
tidak hasil verifikasi ulang ulang tidak;72;-1
verifikasi wajah gagal salah kurang terang signal bayar pajak sulit bpjs verifikasi wajah gadai susah;73;-1
verifikasi sulit banget asli sampai coba puluh foto wajah ktp emang agak beda soal tahun foto ktp tolong baik sulit kayak gin posisi luar kota misal urus harus pulang kota asal jauh sulit gin;74;-1
dah developer buruk buat cocok ktp wajah gagal;75;-1
stnk sampai tuju lebih bulan habis banyak makan pulsa telepon sini padahal alamat kirim tengah kota dki tulis lengkap kontak adu aplikasi hanya cantik tampil ndak respon sekali terima kasih sempat buat euforia hati hadir aplikasi pikir awal bantu hemat waktu tenaga biaya urus surat kendara;76;-1
aplikasi sulit guna coba ulang proses verifikasi foto ktp wajah gagal padahal foto jelas sesuai tunjuk belum guna;77;-1
daftar daring terang tidak hasil daftar daftar kesah stnk tidak dapat proses silah samsat hubung call tengah kami;78;-1
verifikasi email pemberitahuan solusi;79;-1
bukti fisik bayar pajak sampai kirim tanya jawab cuma suruh sabar tanpa tindak kecewa panjang pajak sini;80;-1
pertama coba laku bayar pajak kendara sistem daring dapet alam tidak enak laku bayar tetapi tidak verifikasi cuma keluar tanda silang tanpa terang jelas moga masih lanjut proses tidak sampai sulit salah oleh sistem kembang kelola mohon lebih perhati proses sistem aplikasi terima kasih;81;-1
maaf kode bayar keluar bayar aplikasi respon malah kata kode bayar kadaluarsa padahal bayar posisi kode bayar bom kadaluarsa uang transfer bank urus;82;-1
daftar kesah laku bayar lalu livin by mandiri tetapi terang aplikasi signal belum bayar sedang bayar lalu livin hasil saldo kurang tolong baik saldo potong;83;-1
bayar mbanking bni tetapi status bayar belum ubah tolong uang potong;84;-1
bayar status aplikasi tidak bayar sampai waktu kadaluarsa lalu uang bayar via aplikasi blibli hubung tidak respon hilang uang;85;-1
daftar foto ktp beda orang jelas;86;-1
daftar sesuai nik coba kesah malah gagal anda harus verifikasi nik samsat aneh bener padahal sesuai log nik daftar stnk;87;-1
kirim lambat lama saran gojek grab ekpress jenis;88;-1
tidak daftar nomor kk isi nama email nomor hp klik lanjut koq aplikasi;89;-1
bayar tetapi belum proses sampai bayar kadaluarsa;90;-1
jelek ribet verifikasi wajah gagal tolong;91;-1
masukin kode otp aneh;92;-1
aplikasi jalan sesuai bagi programer nob;93;-1
tidak rekomendasi;94;-1
tidak daftar selain kk gagal kasus beda kk misal punya harus orang kk sebut urus sulit penting ktp stnk bayar pajak sulit gilir bayar kena denda tolong tambah fitur luar kk;95;-1
verifikasi ktp;96;-1
verifikasi data invalid;97;-1
verifikasi wajah;98;-1
isi bener data salah aneh tunggu lama banget padahal wifi cepat;99;-1
dokumen tidak terima kecewa kirim adu tidak respon perlu banyak baik;100;-1
verifikasi ktp selfie sulit;101;-1
tolong baik aplikasi tidak log aplikasi macet tidak foto verifikasi foto ktp klik lanjut ketika foto verifikasi ktp malah macet lanjut tahap lanjut;102;-1
bukti stnk sampai sampai buru tilang polisi mahhh;103;-1
sulit buat verifikasi;104;-1
foto wajah asli ambil umur tahun foto ktp umur tahun awal kurus gendut liat lebih verifikasi gagal akibat sesuai ktp mohon bantu selesai masalah buat akun signal tiap coba gagal terima kasih;105;-1
ulang verifikasi wajah verifikasi tolong sistem baharu;106;-1
sulit daftar mending ktp pegang lihat mirip enggak wajah asli sm ktp;107;-1
tolong aplikasi baik dulu masak daftar salah simpan foto;108;-1
sulit;109;-1
tidak ganti nomor telpon padahal nomor ganti tim kembang aplikasi harus ganti nomor email;110;-1
aplikasi aneh daftar daftar kendara kesah kendara daftar daring ulang bbrapa masih unduh ulang malah nomor hp tidak daftar aneh awal daftar tolong baik cepat;111;-1
percuma bayar aplikasi signal bayar aplikasi signal tgl sampai belum jelas sekali rasa rugi tidak jelas sekali saling lempar sini;112;-1
tidak bantu pajak motor teman;113;-1
scan muka jelek ribet aplikasi;114;-1
kasih bintang coba daftar sulit masuk ambil poto wajah;115;-1
daftar hasil alas foto profil sesuai ktp yakaliiiiiiiiiiii;116;-1
daftar gagal cantum email;117;-1
tiap tambah data kendara gagal padahal isi syarat tetapi gagal;118;-1
daftar sulit banget verifikasi foto sampai gagal;119;-1
otomatis hapus daftar sulit masuk email format salah padahal email benar;120;-1
lanjut bayar sistem ganggu sementara ppkm;121;-1
tolong guna kamera verifikasi wajah beri tombol tekan ambil gambar kedip mata tidak respon daftar sulit sekali;122;-1
tolong panjang waktu bayar perlu nunggu jatuh tempo lebih efisien pajak tahun;123;-1
mutasi ganti plat kendara cara;124;-1
otp tidak;125;-1
parah daftar sulit alas foto sesuai ktp pdhl orang;126;-1
sulit log;127;-1
proses daftar sulit apalagi verifikasi wajah ulang sampai hancur tidak;128;-1
tidak manfaat banget;129;-1
tanya manfaat teknologi digital cetak samsat harus serta kembali bagai syarat stnk asli fotocopy ktp asli fotocopy fotocopy bukti bayar malah sulit bagus birokrasi sini;130;-1
aplikasi buruk loading lama gagal mulu;131;-1
tidak daftar sulit sekali;132;-1
tagih hasil buat bayar hasil bsi saku link turun samsat sumut;133;-1
minim informasi tentang samsat;134;-1
tanya bayar pajak bukan atas nama sendiri alias milik belum kendara motor bayar lunas sah mohon jelas kami taat pajak negara;135;-1
tidak bayar indomart atm malu negara tetangga aplikasi gin gagal mulu;136;-1
buruk sekali collection tidak kirim stnk sampai harus datang kantor samsat;137;-1
kode otp keluar;138;-1
maintenance sampai jam jam tanggal masyarakat sadar pajak patuh ppkm tidak laku;139;-1
tidak bayar daring;140;-1
verifikasi wajah tolak tidak sesuai foto ktp foto ktp tahun tahun beda dikit pasti tolak;141;-1
ambil sendiri samsat orang samsat bingung pindah kesana kemari padahal signal kata tinggal ambil doang segala struk bayar tanya tolong pihak samsat beri arah masih banyak karyawan belum paham tentang signal;142;-1
bayar sulit gagal kasir bingung;143;-1
daftar kata foto beda padahal orang kecewa;144;-1
gagal daftar moga evaluasi;145;-1
sulit cara;146;-1
malah foto identitas ktp beda lebih gendut dulu maka beda gitu solusi;147;-1
usah foto ktp punya atas nama sayang bayar pajak sulit tertib pajak;148;-1
bayar lunas pajak tahun kendara namun aplikasi tidak muncul qr tidak unduh dokumen digital komplain pihak namun sampai belum tanggap bayar tgl mohon sekira komplain tindak lanjut terima kasih;149;-1
arah datang samsat aplikasi;150;-1
kirain cuma verifikasi daftar gagal nyata banyak gagal verifikasi wajah tolong baik aplikasi;151;-1
hancur;152;-1
gagal sulit suruh samsat;153;-1
bayar pajak stnk sulit masa harus sesuai nama tera stnk bayar mobil ken belum balik nama sulit;154;-1
verifikasi wajah gagal harus kembali umur tahun wajah persis seperti ktp hanya polri tahu maaf bintang;155;-1
bismillah sulit sekali verifikasi kata foto profile tidak sesuai ktp masa muka foto ktp tahun coba;156;-1
data tidak sesuai stnk cetak gaada solusi meski email;157;-1
isi dokumen alamat tuju aplikasi signal kirim dokumen tetapi malah salah kirim samsat muara enim tidak muas aplikasi nasional aplikasi belanja daring kirim tuju harus bayar pos indonesia kirim alamat;158;-1
jelas stnk sampai;159;-1
data kendara nama daring salah tulis nama lapor email instragram web baik operator masalah data ubah cepat nunggu sampai jelas;160;-1
luar ekspektasi harap bayar pajak kendara cara daring nyata daftar kendara gagal padahal data lengkap sesuai coba kontak via email ig ujung ujung suruh samsat daftar sesuai data kendara bohong ginian;161;-1
daftar sulit foto ktp harus sesuai verifikasi biometrik foto ktp tahun tahun lalu harus update data dukcapil mending datang samsat aplikasi layan perintah gin banyak namun layan kurang mereka masih butuh gratifikasi;162;-1
sulit banget daftar aplikasi foto ktp wajah sesuai instruksi gagal;163;-1
tiap verifikasi wajah gagal;164;-1
verifikasi gagal coba verifikasi wajah gagal percuma buat sulit buat verifikasi tidak guna;165;-1
tolong baik server;166;-1
beri bintang sulit daftar buruk;167;-1
verifikasi wajah kata beda ktp situ waras foto sma parah;168;-1
daftar kesah isi jenis kirim menu pilih tidak muncul notifikasi sistem kirim tidak dapat layan minta silah coba aplikasi tidak dapat guna;169;-1
data isi daftar kesah stnk pilih jenis kirim tidak sedia lanjut solusi;170;-1
waktu pilih dokumen tbpkp ingin kirim alamat anda pilih jasa kirim belum dapat layan minta moga waktu dekat fungsi normal sehingga terima negara bukan pajak tambah rakyat senang mudah beri;171;-1
sulit banget daftar slalu gagal verifikasi wajah sesuai ktp nama manusia pasti ubah masa harus persis tolong baik;172;-1
sistem sulit;173;-1
lot;174;-1
sulit sekali buat daftar;175;-1
pilih samsat muncul;176;-1
parah mentang waktu ktp dulu gemuk kurus verifikasi ktp wajah sesuai sial;177;-1
tambah data kendara motor aplikasi jelek masih baik;178;-1
aplikasi tampil hanya bayar pajak kasi indonesia;179;-1
bayar pajak pertama sukses lanjut muncul notifikasi daftar kesah stnk tidak dapat proses hubung samsat dekat call tengah kami seperti padahal bayar pajak kendara mohon jika aplikasi belum siap luncur jangan buru buru luncur tolong cepat baik telp call tengah alas bappeda sedang gagal gagal;180;-1
niat aplikasi mending hapus aplikasi susah orang banyak;181;-1
gagal pilih jenis kirim mulu heran padahal data masuk;182;-1
jika boleh data pribadi daftar tidak harus sesuai data pribadi daftar bpkb masih banyak guna pinjam ktp dki kendara beli jakarta mohon kira lulus mohon terima kasih;183;-1
tidak laku daftar kesah stnk laku bayar dulu sempat waktu singkat sehingga kadaluarsa coba tidak jelas harus harus moga aplikasi buat lebih mudah;184;-1
perlu verifikasi nik data samsat lalu guna aplikasi aplikasi tidak dapat proses muncul notif tidak hasil daftar perlu verifikasi nik data samsat harus samsat;185;-1
masih sulit buat daftar jawab invalid otp sulit betul masuk daftar;186;-1
bayar pilih jenis kirim;187;-1
lama kirim harus konfirmasi dm ig signal malah tidak klik kirim berkas rumah bukti bahwa klik kirim pos baru minta maaf bakal hubung pihak kait pos kabar tindak komplen email seperti tanggap kira klik kirim pos bukti bayar klik kirim pos baru ambil tindak lama banget proses;188;-1
tidak ecek harus bayar pajak kendara tahun;189;-1
maaf panjang sim tidak;190;-1
sejak bayar bulan lalu sampai kabar stnk pihak samsat daerah;191;-1
stnk sampai belum sampai;192;-1
kasih bintang waktu klik daftar sah stnk pilih nomor nrkb muncul notif tidak hasil daftar daftar kesah stnk tidak dapat proses anda perlu verifikasi nik data kantor samsat harus datang samsat;193;-1
verifikasi sulit banget sekali lanjut foto selfie gagal;194;-1
daftar verifikasi ktp gagal tidak simpan;195;-1
tidak fungsi baik;196;-1
proses cepat kirim lambat bayar pajak tgl sampai tgl belum kirim rumah mohon bantu;197;-1
kendara nik akun signal aman daftar kendara nik beda masih kk laku bayar tidak lihat stnk digital tampil pesan gagal;198;-1
mohon menu tambah bagi kami beli kendara bekas sulit daftar terima kasih;199;-1
stnk milik nama orang instansi bos;200;0
kurang bantu bintang tambah jika bayar pajak tahun bukan kendara alias kendara bukan atas nama;201;-1
unduh buat coba bayar pajak motor beda gagal gimanasih suruh samsat nanya sosmed suruh samsat daring;202;1
aplikasi lihat bagus guna canggih sayang robot canggih ktp orang padahal anggap beda;203;-1
benar mudah tanpa harus antri kantor samsat antar wilayah layan lama banget stnk baru kirim bulan lama padahal selesai aju tanggal stnk baru sampai kemarin moga layan makin tingkat;204;-1
proses validasi sulit sekali padahal foto ktp;205;-1
belum terima paket pos anggap selesai;206;-1
sulit sekali verifikasi;207;-1
coba unduh masuk daftar masuk nomor hp nomor masuk tidak daftar gnti nomor tidak daftar bingung layan samsat daring ngerti;208;-1
suruh cek email verifikasi pesan masuk email waktu meped;209;-1
verifikasi ktp foto sulit belum kurus gendut tidak erti;210;-1
laku daftar gagal format email salah padahal lama email benar;211;-1
daftar via daring sampai selesai antar via pos indonesia jangka waktu terlalu lama masa bayar pajak sampai baru sampai rumah berkas pajak kendara;212;-1
verifikasi foto ktp foto tidak padahal wajah tidak ubah;213;-1
tambah nomor kendara masih baik;214;-1
tolong akun data kendara hilang daftar pernah daftar samsat sulit;215;-1
tidak daftar tidak masuk foto identitas salah;216;-1
daftar gagal jaring samsat harus canggih;217;-1
jeda waktu bayar terlalu singkat kesan buru lama pra collection;218;-1
awal bagus layan stnk dah kirim biaya kirim mahal layan lambat cek status pra collection status proses antar nyampe;219;-1
aplikasi buruk;220;-1
buru atm sampai hampir tabrak mobil bayar coba salam;221;-1
laku bayar aplikasi signal bayar bom update hingga bayar sebut kadaluarsa tolong baik sistem sinkronisasi bayar seperti hal masih sering aplikasi terima kasih;222;-1
daftar gagal foto selfie coba;223;-1
sulit sekali ambil foto liveness bolak balik guna cara digital malah lebih sulit;224;-1
harap aplikasi mudah bagi orang luar kota stnk belum kirim samsat bantu utara hubung suruh tunggu;225;-1
nama ktp stnk beda beli motor bekas masih nama milik lama guna aplikasi;226;-1
buat akun verifikasi tetapi tidak tambah data kendara;227;-1
laku bayar mohon info;228;-1
kesah stnk dapat kode bayar proses bayar baik via transfer jasa indomart gagal tidak laku tolong jelas;229;-1
daftar sulit mentok kode otp gagal;230;-1
moga kerja bayar baik niat mudah bayar pajak kaya indomart bank;231;0
verifikasi foto selfie sulit terang tidak sesuai foto ktp daftar daring sulit foto ktp selfie mohon arah;232;-1
sulit verifikasi muka;233;-1
coba bbrp selfie selfie tetapi tidak aplikasi pusat foto tidak efisien soal foto ktp tahun jelas lihat beda waktu selfie tahun kasih solusi sblm denda lambat bayar pajak;234;-1
verifikasi wajah susah buruk notif pasti anda tidak ramai orang sendiri akhir daftar hapus mohon baik sistem bapak;235;-1
bulan bukti pajak sampai padahal pos kilat ekpress solusi;236;-1
tanya transaksi bayar gagal timeout padahal waktu masih jalan;237;-1
dapat bayar kode bayar internet banking octo mobile mbankiing aplikasi laku seluruh wilayah indonesia tentu jogja;238;-1
senyum sendiri depan kamera kaya orang parah;239;-1
verifikasi sulit sekali;240;-1
dulu belum bayar pkb aplikasi soal;241;-1
proses lambat;242;-1
cukup bantu cuman kirim stnk begitu lama hampir bulan status kirim proses kirim tolong perhati kaya kirim beda negara sampai bulan proses;243;-1
beri bintang dulu coba bayar pajak lalu aplikasi signal tahun laku stnk tidak ubah masih stnk tahun kemaren tahun laku laku sampai stnk kirim masih laku ubah beri bintang transaksi mudah benar hanya data tidak sesuai harap ubah stnk segera baharu terima kasih;244;0
ganggu jaring;245;-1
betul pajak telat tahun ingin bayar pajak bayar via daring coba tidak gagal;246;0
verifikasi wajah gagal;247;-1
aplikasi bagus cuma tugas lapang bagus jelas tulis sampai tukar orang haduh;248;1
bayar pajak metode bayar grup maintenance jam pun maintenance kata kasir mohon maaf maintenance sampai jam padahal jam segitu masih mohon perhati;249;-1
buat konfirmasi tanggal kirim kartu supaya langgan tidak bingung dtg guna nomor kontak komunikasi via call;250;-1
bulan belum kirim dokumen stnk harus kantor samsat biaya ongkir bayar ambil sendiri;251;-1
aplikasi bagus gilir ambil harus bawa bpkp sntk ktp cape sekali padahal tinggal ambil doang;252;-1
transaksi gagal coba lama;253;-1
sulit sekali verifikasi ktp;254;-1
bayar pajak motor pertama daring lancar februari bayar tidak hasil daftar kesah stnk dm samsat daring awal doang bales lanjut diam respon tolong bantu;255;-1
verifikasi ktp wajah gagal;256;-1
coba tambah nik ktp istri motor istri tidak gagal padahal kk;257;-1
coba verifikasi gagal alas verifikasi wajah tidak gambar ktp foto ktp umur masih tahun umur kepala pasti beda;258;-1
kira aplikasi lalu ambil stnk kantor samsat pisah antri bayar offline kantor nyata masih antre gitu syarat offline;259;-1
dapat kendala daftar kendara bayar pajak daftar kendara atas nama orang tua bayar pajak sdgkn kendara nama sendiri tidak daftar dekat masa pajak akhir aplikasi daring namun bukti resmi samsat tidak kirim rumah;260;-1
daftar awal kode otp kirim sampai coba sampai minta coba ikut bulan coba hasil daftar sah jenis kirim muncul notifikasi sistem kirim belum dapat layan kirim masih belum mudah langgan moga baik depan terima kasih arah digital;261;-1
tambah data kendara gagal padahal data lengkap benar;262;-1
verifikasi ktp gagal tidak simpan gambar tolong segera baik;263;-1
padahal bagus aplikasi bantu mudah bayar sampai tidak laku kesah stnk;264;1
aplikasi daftar sulit kesel daftar gagal;265;-1
tanya bayar kesah pilih kirim pos ekspres sejak tgl sampai belum ubah status masih belum datang stnk terima kasih;266;0
sulit masuk;267;-1
tiap sampai pilih kirim tidak tolong cepat baik;268;-1
daftar aplikasi tidak hanya sampai ambil data foto selfie kemudian tidak lanjut tolong lebih tingkat mudah;269;-1
verifikasi kira wajah foto ktp tidak padahal wajah ubah;270;-1
daftar akun verifikasi foto wajah gagal padahal coba tempat terang beda tampil gagal cara;271;-1
tiap klik jenis kirim kemaren coba;272;-1
tidak input nomor rangka;273;-1
wilayah lampung masih tahap kembang belum laku bayar kesah stnk;274;-1
sulit foto verifikasi;275;-1
aplikasi bayar pajak motor nama beda stnk motor atas nama orang tidak kartu keluarga;276;0
lebih praktis murah samsat daring nasional lama proses daftar signal ulang baru hasil proses selfie tulis kecil tidak baca tidak guna kacamata seperti tegak hp anda kedip mata senyum signal biaya administrasi biaya kirim pos kilat khusus kota samsat daring nasional belum tidak biaya administrasi biaya kirim hanya mungkin biaya administrasi bagai hasil pihak kembang aplikasi bayar bank bumn bappeda tidak bank swasta;277;-1
dulu stnk belum sampai tgl sampai baru kasih;278;-1
guna motor bekas bekas kendala ktp harus cukup guna stnk bpkb proses panjang sehingga mudah kami bagai guna motor bekas;279;0
sulit tambah kendara data benar gagal;280;-1
belum bayar via sampai;281;-1
mohon izin suara masih tidak log verifikasi data tidak pdhl sesuai anjur arah gagal daftar buat akun bingung salah sampai gagal daftar akun;282;-1
nomor stnk motor tidak temu;283;-1
tolong mudah kirim bukti fisik menu kirim lalu pos coba alami ganggu tidak;284;-1
bayar daring masih kendala kirim alamat isi alamat kolom samsat masih bintang padahal isi jenis kirim tidak tulis bayar tanpa kirim alamat masalah tunggu lebih baik update sedia daftar jam kerja samsat;285;-1
belum support wilayah lampung server ganggu keluh via email jawab server sedang baik belum support wilayah tertetu harus layan informasi aplikasi;286;-1
aplikasi tidak guna sepeda motor beli bekas daftar sepeda motor aplikasi pilih hanya milik sendiri keluarga kk begitu;287;-1
koneksi daftar verifikasi wajah daftar kendara data tbpkp sesuai masuk alamat kirim gilir masuk jenis kirim dapat layan minta silah coba lanjut orang malah bayar pajak sini harus kesah sendiri samsat padahal daring lebih anjur covid gin apalagi mungkin ppkm ketat masih mohon baik aplikasi bayar;288;-1
unduh update daftar sekali proses suruh samsat dekat guna aplikasi;289;-1
sempurna sulit daftar foto ktp malah keluar aplikasi;290;-1
tidak pilih samsat daftar kesah stnk;291;-1
masih tidak bayar pajak bukan atas nama sementara beli kendara bekas calo samsat bayar harus offline guna calo;292;-1
terima kode otp;293;-1
verifikasi ktp sulit banget padahal foto jelas sesuai intruksi;294;-1
kendara atas nama orang beli kendara bekas;295;-1
kasih bintang dulu soal verifikasi wajah lama minta ampun masa foto ktp foto selfie sampai skarang masih tolong aplikasi baru kata mudah;296;-1
bagus waktu klik jenis kirim kalimat sistem kirim belum dapat layan silah coba seperti padahal perlu banget mepet tempo pajak solusi;297;-1
akun daftar data kendara gilir laku transaksi tidak solusi padahal jika sang bantu lali;298;-1
tidak bantu daftar tidak foto beda ktp jelas beda foto ktp jaman masih gadis baru lulus sekolah emak anak sekolah foto;299;-1
sulit banget dah salah padahal harap mudah bagi jauh rumah;300;-1
cara bayar tidak sedia bank syariah kami aceh bank tidak syariah tidak sedia mohon tambah bank syariah sedia aceh;301;-1
balik nama kendara aplikasi;302;0
proses bayar gagal coba lalu mobile banking bsi gagal;303;-1
transaksi daftar kesah stnk tidak laku bug sistem kirim samsat tidak muncul kode pos samsat jasa kirim tidak muncul;304;-1
jujur aplikasi bantu cuman hal seperti notifikasi maintenance toko aplikasi tidak optimal kembali bagi sebut terima kasih;305;1
aplikasi buat daftar akun daftar harus telepon masukin biasa;306;-1
verifikasi sulit amat foto terang cahaya masih gagal verifikasi;307;-1
aplikasi bagus tingkat aplikasi;308;1
coba;309;0
dapat otp sulit sekali minta tidak dapat dapat;310;-1
biaya tambah laku bayar cara daring lalu mandiri;311;-1
motor bukan data pribadi panjang stnk soal punya motor bekas beli orang surat lengkap;312;0
mohon baik aplikasi kemarin kirim alamat tuju tidak tulis lengkap singkat terima paket lama sampai datang pos indonesia ambil paket nyata cek alamat tuju tidak tulis lengkap terima kasih;313;-1
tidak naik rating sblum adil layan samsat;314;-1
verifikasi wajah gagal;315;-1
mohon bantu proses kesah stnk bayar pajak sulit;316;-1
kirim stnk lama tolong cepat terima kasih;317;-1
pajak tanggal jatuh tempo tidak bayar daring;318;0
sementara bintang dulu baru coba;319;0
daftar akun sulit gmail terima respon salah format padahal daftar akun gmail;320;-1
tidak pilih jasa kirim selain lalu pos sehingga paksa walaupun turut agak mahal biaya;321;-1
aplikasi layan bagus tidak perlu repot harus keluar bayar pajak tahun kendara cuman isi alamat rumah tidak lengkap nomor telp salah tolong lebih teliti kirim dokumen penting aplikasi tidak komplen dokumen belum terima;322;-1
kirim berkas via ekspedisi bukan;323;0
kirim kurang baik;324;-1
tahun masih kendala bayar lalu bsi blibli bukalapak masih gagal;325;-1
jarak transaksi kirim lambat sekali bahkan ketika barang terima status aplikasi ubah kirim ongkir sidoarjo lumayan mahal;326;-1
jalur ekpress nyampe rumah lambat proses;327;-1
sulit amat daftar lebih verifikasi foto gagal sampai ulang ulang gagal;328;-1
harus jangan terlalu sulit penting stnk asli ktp asli cukup niat bayar taat pajak terima kasih;329;-1
beranda tidak tampil nominal biaya panjang stnk tahu nanti bayar;330;0
aplikasi baik kurang ambil kesah samsat masih tunggak bayar daring arti daring samsat tolong baik sistem harus bayar daring otomatis seluruh samsat indonesia harus bayar terima kasih;331;-1
proses kirim lama moga lebih cepat;332;-1
baru bintang nanya nanti cara ambil stnk baru mohon jawab belum terima kasih;333;0
data sesuai tambah daftar kendara baru gagal;334;-1
tanya stnk sfz belum kirim;335;0
lebih cepat kirim coba seperti kaya kirim jasa gojek grab harga kirim sesuai cepat lindung paket tidak terima terima oleh konsumen rumah;336;-1
maaf kirim berkas sistem sedang kurang baik;337;-1
laku bayar sampai jam tidak verifikasi;338;-1
coba daftar pagi namun tidak hasil verifikasi foto wajah kirim otp signal kendala;339;-1
bintang sementara sedang masalah laku bayar sukses namun samsat digital masih belum selesai tunggu hampir tengah jam mohon bantu keluh jika tidak cepat bayar gagal oleh samsat sendiri sedang uang transfer selesai;340;-1
nomor lacak aplikasi beda tera amplop mohon baik lacak posisi kirim;341;-1
harap tidak antre waktu ambil stnk samsat bayar masih antre;342;-1
bayar pajak atm tampil konversi nomor polisi bapak;343;0
masih belum proses kirim kendala masa februari sampai belum;344;-1
bapak sedang tugas mohon info verifikasi ktp aplikasi guna ktp sendiri hubung beli sepeda motor bekas belum balik nama guna ktp sendiri milik sepeda motor pertama mohon cerah;345;0
sulit banget verifikasi gagal kata foto tidak sesuai ktp foto ktp tahun lalu masih buruk beda tips supaya verifikasi;346;-1
kurang lengkap kesah;347;-1
daftar sulit banget verifikasi foto gagal;348;-1
mohon bantu rekan selesai laku daftar kesah hendak bayar malah muncul kalimat sedia jasa blokir tagih alhasil tidak lanjut proses mohon solusi;349;-1
mudah cepat laku mudah kendara bayar pajak kesah;350;0
daftar baru format email salah;351;-1
tolong kirim stnk cantum resi pos lacak kasih layan chat tidak sulit banget samsat duit doang layan batas baik bener aplikasi jangan uang pajak doang gilir duit ijo kasih layan kaya gin tolong signal baharu aplikasi terima kasih;352;-1
baru coba;353;0
malam guna baru tidak daftar verifikasi ktp foto profil gagal terang foto ktp tidak sesuai profil mohon bantu tidak verifikasi terima kasih;354;-1
sayang sekali jika beli kendara bekas harus balik nama dulu nama tidak atas nama orang;355;0
masuk foto ktp foto live tulis tidak cocok mohon bantu;356;-1
daftar kendara gagal mohon bantu buat proses daftar kendara balik nama terima kasih;357;-1
tambah motor nama milik motor nama stnk harus nama ktp daftar aplikasi signal motor beli bekas belum balik nama masih milik lama;358;0
verifikasi ktp wajah sulit;359;-1
permisi tanya kirim kesah stnk kirim alamat stnk terima kasih;360;0
kira guna aplikasi cepat selesai nyata proses lama harus nunggu padahal kirim kota;361;-1
terlalu lama kesah bappeda proses punya masih proses;362;-1
bayar enak tetapi masih harus ambil samsat;363;-1
bayar signal lebih mahal;364;-1
sistem bayar daring bantu bayar pajak kendara dapat laku tepat waktu tanpa buang waktu antri kantor samsat namun sayang kesiap sdm kantor samsat nampak masih belum baik kurang paham tentang aplikasi daring ketika ambil cetak asli tbpkp masih tanya bukti bayar padahal belum bayar tidak mungkin tunjuk tbpkp;365;-1
lama hampir bulan baru kirim;366;-1
tidak dapat balas verifikasi email sehingga tidak dapat guna aplikasi;367;-1
foto wajah tidak bantu;368;-1
emang wajah ktp asli beda sulit amat verifikasi jlas ktp tahun smpe skarang belum verifikasi;369;-1
bagi pilih kirim yaak tulis kirim masih belum dapet layan minta begitu;370;-1
laku bayar belum laku kirim padahal tgl jatuh tempo tgl;371;-1
layan masih seperti offline lambat;372;-1
dapat kode bayar bank wilayah;373;-1
coba dulu;374;0
maaf kasih bintang dulu soal kode otp tidak masuk masuk;375;-1
harus baik aplikasi daftar verifikasi data masukin foto ktp wajah tidak sesuai nama orang dah glow up buruk;376;-1
mohon ajar motor tidak lanjut bayar kolom samsat tidak muncul nama pilih samsat kontak via telpon tolong cantum nomor;377;-1
daftar gagal foto ktp selfie lalu muncul notifikasi validasi butuh segera baik bug sebut terima kasih;378;-1
bayar pajak aplikasi kesah qr tidak muncul bayar masuk sah;379;-1
bayar baik akibat bayar manual samsat masalah harus batal dulu aplikasi harus tuju pusat poko sulit aplikasi belum bayar stnk;380;-1
kota medan;381;0
dulu tiap verifikasi tidak sesuai ktp yakan makin tahun wajah orang beda;382;-1
cara panjang sim;383;0
temu bayar;384;0
pilih opsi bayar tolong banyak justru guna layan digital banyak luar milik rekening bank daerah;385;-1
kendara bukan atas nama daftar;386;0
sulit daftar;387;0
sistem baik bantu namun sayang belum bank afiliasi contoh bank;388;-1
sistem kirim belum dapat selesai minta solusi;389;0
maaf kasih bintang dulu aplikasi belum valid bayar pajak sini tiap sampai jenis kirim tidak tulis sistem kirim belum dapat layan minta silah coba padahal tgl februari akhir masa mohon cerah;390;-1
tunjuk serta lebih jelas harus punya asli hardcopy cukup bukti elektronik;391;0
daftar tidak kirim kode otp;392;0
bantu bayar tanpa harus datang antre namun bayar via aplikasi mobile lalu mbankiing tidak laku harus datang atm lebih dahulu laku transaksi bayar kirim berkas tidak laku jika wilayah dapat berkas harus datang samsat;393;-1
kurang informatif langkah proses panjang bayar pajak tidak lacak kirim bingung tolong baik aplikasi harus manfaat;394;-1
daftar tidak verifikasi ktp;395;0
nomor dapat hubung waktu daftar tulis email salah kata sehingga aplikasi tidak guna mesti;396;0
klik sistem kirim daftar kesah stnk gagal mulu;397;-1
sistem kirim belum dapat laku kirim tolong masuk;398;0
transaksi stnk sampai rumah terima kasih;399;1
bayar tidak kemarin coba tidak;400;0
bintang dulu daftar bayar sampai masih proses;401;-1
bayar belum;402;0
sulit banget bayar puluh coba gagal gilir bagi pilih kirim proses mohon tingkat aplikasi;403;-1
tiap verifikasi wajah tidak sesuai kesel;404;-1
ok;405;1
daftar kode verifikasi tidak kunjung muncul;406;-1
samsat tangerang dukung kirim hardcopy harus datang samsat ambil stnk jauh samsat biasa datang tolong baharu support kirim dokumen stnk supaya aplikasi sempurna;407;-1
data bener salah mulu;408;-1
belum masuk punya akun ganti hp koneksi wifi respon masuk masalah koneksi anda coba speed wifi mbps tes speed aplikasi jalan norma mohon baik;409;-1
fisik stnk panjang kirim;410;-1
sampai puluh foto ulang ktp selfie ktp umur hidup ubah bapak punya solusi;411;-1
buat akun sulit;412;-1
ajar dulu;413;0
sistem digital bagus saran selesai bayar sah surat kirim proses tidak lama;414;0
sesuai foto ktp orang ktp umur hidup tidak ubah foto ktp;415;-1
minta info aplikasi sakpole beda;416;0
bagus mudah sayang cara bayar banyak harus mbanking pilih bank sedikit orang punya mbanking mudah depan bayar lalu atm;417;0
tidak integrasi aplikasi digital korlantas cek kendara mending buat aplikasi integrasi pisah bgini aplikasi samsat daring;418;-1
tidak kirim alamat tidak bayar selain bank bumn;419;-1
mohon maaf pilih metode kirim gagal emang hanya gerai samsat tentu mohon cerah;420;0
bayar signal selisih sm bayar;421;-1
lacak kirim fisik stnk;422;-1
liveness deteksi gagal kayak masih banyak perlu update harap lebih praktis nyata masih belum penuh ekspektasi;423;-1
verifikasi gagal padahal foto ktp asli tidak tolong kembang software update verifikasi mudah;424;-1
bayar pajak tahun sini terima kasih;425;0
hasil daftar plat motor hasil bayar lalu bank mandiri walau kecewa mereka belum kerja bank besar kelas masuk vermuk usaha mudah ambil wajah masih agak sulit kalian tahu ambil stnk bayar hanya lalu samsat pusat polri harus mudah ambil samsat dekat percuma kata beri mudah masih kasih sulit ambil;426;-1
kendara tidak daftar belum cakup nasional plat kalimantan timur;427;-1
bagus tambah pilih bayar selain himbara ovo rekening himbara bayar sulit mending pihak sulit bayar;428;-1
aplikasi bagus tolong cara bayar benar mudah laku bayar kendara area jateng kilas pilih metode bayar variasi nyata hanya bank jateng gagal;429;-1
mantap cepat walau coba lama;430;1
kirim fisik stnk lama sekali;431;-1
bayar via buruk;432;-1
coba dulu;433;0
mohon izin verifikasi foto ulang ulang tidak sesuai;434;-1
tidak daftar kendara;435;-1
tidak pilih kirim dokumen mohon dapat segera baik;436;-1
kode samsat tidak keluar kesah stnk aplikasi sedang baik;437;-1
aplikasi bagus sayang belum jalan ternate padahal data kendara besar pajak dapat lihat tidak lanjut bayar tolong sosialisasi tidak usah nunggu lama samsat;438;0
kode bayar;439;0
kasih bintang dulu;440;0
kendara atas nama orang tidak guna;441;0
bayar pajak print stnk;442;0
kirim dokumen via pos tidak dapat telusur;443;-1
wajah sebut sesuai ktp kumis lebih tua;444;0
cara ambil stnk;445;0
syukur jika selesai sampai belum datang dah datang ubah;446;0
kecewa tidak bayar metode transfer antar bank panjang stnk coba bank dki milik orang tua bayar nyata tidak beda nik padahal terang situs bank dki asal masih kartu keluarga;447;-1
bintang dulu cara bayar masih batas hanya bank bank bmun mohon tingkat laku bayar lalu bank swasta pasar toko retail;448;-1
daftar sulit banget sesuai;449;-1
bayar pajak verifikasi tanggal sampai stnk belum terima;450;0
jasa kirim terlalu lama sampai bulan baru kabar pihak pos;451;-1
proses bayar cepat tanpa antri samsat laku sayang proses kirim masih kendala sehingga stnk tidak kirim dtg samasat ambil kesah stnk hal cukup repot apalagi jika milik kendara sedang dinas luar kota keluar provinsi jangka waktu lama akhir repot keluarga rumah dtg ambil samasat moga baik opsi kirim;453;-1
kurir kantor pos tolong ajar lebih ramah kurir kantor pos anter surat pajak rumah omong nyolot;454;-1
boleh kasih masuk data milik kendara motor terang waktu tanggal bayar pajak gabung digital korlantas data digital korlantas pindah signal tidak banyak guna aplikasi;455;-1
aju panjang stnk cara kirim masih belum kirim;456;-1
bayar pajak telat tahun;457;0
sulit lacak kirim tidak opsi lacak kirim sekali muncul hanya kejap hilang tidak klik padahal bayar sesuai nominal tagih;458;-1
sulit banget verifikasi ktp wajah;459;-1
pasu data kendara tidak tolong bantu solusi;460;-1
mantap guna banget buat sempat urus gerai samsat sayang guna opsi kirim fitur lacak aplikasi signal kantor pos tidak fungsi terima kasih;461;-1
aplikasi tidak dapat buka padahal bantu apalagi mohon aplikasi baharu supaya jalan lancar;462;-1
konsumen layan kurang tanggap milik kendala respon sampai jatuh tempo kena denda padahal laku bayar;463;-1
bayar mudah kirim kurang jelas harus kirim jangan singkat ngerti niat sulit ken duduk manis rumah ngerti klik tombol kirim harus samsat ambil stnk sulit;464;-1
unduh verifikasi foto wajah;465;-1
bayar pajak kendara pajak kendara hasil pajak kendara gagal tolong baik sistem it;466;-1
kode otp tidak masuk daftar akibat gagal daftar mohon baik gagal;467;-1
opsi pilih jenis kirim gagal status sistem kirim tidak guna blablabla mohon bantu kata mudah serba daring gilir orang banyak sekali kendala terima kasih;468;-1
aplikasi bagus tidak ikut kembang zaman lebih praktis cuman kurang kena verifikasi wajah foto asli wajah ktp padahal foto asli verifikasi sulit gagal tidak padahal pun lihat rapi;469;-1
bagus bantu sekali bagi sulit waktu datang lokasi hanya perlu tingkat kirim butuh waktu baru nyampe rumah;470;1
bayar agak sulit gagal mbanking;471;-1
server lot;472;-1
kode bayar tidak temu aneh;473;-1
bayar pajak kendara orang bukan kk soal kendara atas nama tetapi keluarga masing masing beda kk beda provinsi mohon cerah;474;0
tolong bayar via via tidak mbanking;475;-1
komplain kemarin email pesan respon solusi;476;-1
beli motor bekas masih atas nama milik pertama bayar pajak tahun panjang stnk sini cara;477;0
verifikasi wajah foto wajah tanda cek lis gagal ulang baru daftar gagal mohon baik sistem;478;-1
tolong perhati dulu alamat kirim resi aplikasi alamat kirim beda;479;-1
aplikasi mohon tingkat kualitas coba hasil muncul maaf ganggu sistem paksa bayar samsat butuh waktu jam baru selesai;480;-1
isi samsat kode samsat pilih kirim sayang banget aplikasi bagus belum guna;481;-1
sulit daftar;482;-1
tidak log henti masuk foto ktp;483;-1
kerjasama sm sedih;484;-1
mantap;485;1
daftar kesah stnk gagal;486;-1
tidak dapat kode otp;487;-1
maaf tidak laku daftar akun info bahwa masalah koneksi anda seperti daftar akun mohon solusi;488;0
sulit daftar;489;-1
lumayan kendara tidak kesah harus samsat terang;490;0
aplikasi mantap gampang cuma menu bayar bank kaga heran sulit sulit;491;-1
cara aplikasi bantu banget cuma terima fisik stnk padahal bayar ongkir pos;492;-1
verifikasi wajah gagal tulis tidak sesuai foto ktp gin muka kaga sesuai ktp dulu gemuk otomatis muka besar kurus muka ramping dulu sulit buat ditek kedip mata mata sipit jangan gitu ras;493;-1
samsat team maaf ingin tanya perihal aplikasi tidak tambah data kendara padahal data isi benar mohon bantu;494;0
laku bayar;495;-1
tunggu kode bayar lama bas coba kode bayar datang datang;496;-1
pihak samsat daerah sntk kirim tanpa stiker hologram;497;-1
pilih cuma milik sendiri kk atas nama orang sepeda motor bukan barang bagus harus atur update sesuai butuh jaman;498;-1
konfirmasi data malah;499;-1
menu pilih samsat tidak muncul pilih kirim pos;500;-1
bukti bayar kesah sampai;501;-1
bayar signal pertama ongkirnya proses sampai ongkirnya naik proses kirim hr layan bagus mahal ongkir biaya masih lebih baik ongkos biro jasa;502;-1
awal sulit masuk ulang verifikasi email gagal penuh sabar ulang ulang akhir sampai rumah tepat waktu;503;-1
belum dapat email laku daftar;504;-1
bantu;505;1
mantap bantu motor plat luar kota mudah cepat efisien stnk;506;1
bantu sekali kirim berkas lambat mohon tingkat kembali terima kasih;507;1
moga depan lebih mudah masyarakat layan lebih baik;508;1
semangat;509;1
aplikasi bayar pajak ganti plat nomor tahun;510;0
bayar pajak beda pulau misal provinsi;511;0
proses bagus cara digital mudah proses mesti dtg samsat harus perhati kirim paket lama pdhl kota daftar kirim sampai pun dapat resi aplikasi signal tidak update pos keluar resi baru kode alamat resi baru tidak sesuai resi aplikasi signal kirim kota tidak kerja;512;1
mudah;513;1
layan cukup bagus cuma kirim lama banget prediksi nyata baru sampai stnk;514;1
hanya lebih perlu antre samsat tetapi masih perlu bawa bpkb stnk ktp asli fotocopy terima kasih;515;1
mayan;516;0
sulit;517;1
nanya bayar pajak kendara motor samsat kabupaten landak mohon info terima kasih;518;0
bayar rada sulit kata bukalapak pilih tidak bayar signal karyawan rada paham tentang signal mesti jelasin dulu dah paham sistem maintenance bayar signal kompas kata nyata tidak pilih akhir hanya blibli sukses batas waktu bayar mepet sekali cuma jam;519;-1
mudah guna mantap perlu antre hanya kirim pos rumah cukup lama maklum bukan jasa kirim swasta pasti beda;520;1
mudah akses bayar daring lebih tingkat layan bagus;521;1
mantap;522;1
tanya pajak mobil tahun mahal sampai juta bantu;523;0
aplikasi bantu sekali cuman saran bagus banyak kerjasama layan kirim jangan pos surat pajak tahan kantor pos sampai pos lambat banget tindak lanjut walaupun lapor butuh lapor baru gerak;524;1
aplikasi sibuk bayar batal;525;-1
bantu hanya daftar foto gagal kembali mula moga makin lebih baik;526;-1
kirim masih cukup lama sampai terima kalender;527;-1
verifikasi email sulit coba ubah profil;528;-1
bantu bagi sedang luar daerah;529;1
moga bayar pajak kendara beda kk beri opsi kendara bukan milik sendiri beda kk bayar akun tidak banyak daftar akun tidak sulit daftar akun penting nik ktp daftar tidak banyak motor mati pajak kerjas sulit bayar harus ktp asli milik akun milik kendara sendiri seperti aplikasi samolnas lama akun buat bayar kendara beda milik beda kk;530;-1
cukup bantu hanya motor mobil atas nama stnk sendiri buat bayar stnk nama moga nanti depa;531;-1
bagus aplikasi;532;1
laku bayar dapat konfirmasi selesai tanda bukti lunas wajib pilih ambil kantor samsat dekat samsat gianyar harus laku kantor samsat;533;-1
cara dapat kode bayar;534;0
moga lebih tingkat cepat proses;535;-1
baharu tambah cara balik nama mutasi berita mutih mungkin makin banyak orang urus pajak kendara tampa antre verifikasi;536;-1
lumayan guna;537;1
stnk darat selamat aman rumah terima kasih;538;1
bayar tidak tulis blokir oleh sedia jasa;539;-1
lacak proses samsat cepat cuma kirim waktu perlu cepat sampai terima;540;1
mudah cepat kirim;541;1
bantu tanpa repot antre tetapi biaya kirim mohon dapat evaluasi sebab terlalu mahal padahal kirim samsat jaksel alamat tuju masih jaksel biaya masih masuk akal;542;1
mayan;543;0
bagus tingkat layan terima kasih;544;1
signal respon soal bayar hasil via transfer bank status aplikasi masih bom bayar sampai waktu habis tolong respon lumayan duit bayar pajak nominal;545;-1
terima kasih aplikasi signal bantu bayar pajak tahun;546;1
bantu bayar pajak cara daring hanya cetak samsat tugas masih belum paham proses signal mohon tugas bagi signal beri latih proses cetak notif pajak;547;1
harus stnk tahun ganti plat tanggung cek fisik hasil foto;548;-1
masa kirim terlalu lama baru sampai;549;-1
lumayan;550;1
baik mungkin proses harus lebih cepat terima kasih;551;-1
tolong cepat proses kirim;552;-1
baru pertama signal mudah lebih baik manual;553;0
baik;554;1
kendara beli tangan belum balik nama soal masuk data kendara;555;0
metode bayar batas gagal bank swasta masih oke aplikasi buat rantau urus stnk;556;-1
supaya baik proses transaksi gagal update;557;-1
bayar sini ragu komen bawah;558;-1
layan masih kurang cepat;559;-1
bagus bantu lebih tingkat;560;1
lebih cepat aplikasi lebih stabil;561;0
bagus mudah simpel sempat ragu bayar tidak verifikasi lapor signal cepat tanggap dokumen cukup lama antar pihak pos baru terima;562;1
nyata mudah bayar pajak cara daring tidak rumit bayang;563;1
agak lama kirim;564;-1
belum rasa aplikasi coba proses;565;-1
bantu perlu baik informasi layan terima kasih signal;566;1
kayak bagus belum coba krna bayar pajak motor lama masuk bayar offline sblumnya masuk data lebih lengkap beritahu bayar pajak motor tidak lupa;567;-1
mudah sekali transaksi tinggal tambah fitur kirim kesah alamat sesuai ktp baru;568;1
aplikasi bagus lebih efisien mudah bayar pajak kendara buat masuk harus pilih kurir selain pos indonesia antar berkas;569;1
baru inovasi masa bayar pajak mesti antre padahal kasih duit gito bukan minta duit aplikasi makin mudah milik kendara tidak buang waktu tenaga antre samsat lanjut;570;1
tolong baik sistem aplikasi tidak bayar aplikasi terang kadaluarsa pihak tidak rasa ragu terima kasih;571;-1
ok;572;1
bagus hanya kurang sticker kesah buat tempel lembar stnk biru ijo lembar tahun kasih sticker kesah;573;1
email bukti bayar tidak terima tunggu samsat cukup lama;574;-1
bagus repot samsat sekali tanya sntk nanti kirim alamat tuju;575;1
sering keluar aplikasi sendiri loading lama seluruh bagus bayar pajak tanpa antre tanpa harus datang tempat;576;-1
kemaren bayar indomart ganggu baik sistem sampai jam malam jam bayar malah aplikasi ganggu info chat signal bener bulan lebih jatuh tempo tidak bayar lalu signal terima kasih;577;-1
mantap;578;1
masa kirim lama belum proses waktu buat;579;-1
aplikasi sulit lihat kanan tempat sepi masih tidak segitu baru daftar;580;-1
belum terima surat;581;-1
aplikasi bagus cukup mudah guna moga gambar polisi mata masyarakat lebih baik;582;1
layan bagus masalah cepat respon;583;1
jogja guna aplikasi;584;0
tanya akun daftar atas nama bayar pajak kendara stnk atas nama orang terima kasih;585;0
mantap;586;1
mudah urus panjang pajak stnk catat kirim fisik stnk mohon baik;587;1
ok;588;1
verifikasi gagal kesel coba ulang ulang;589;-1
nampak bantu daftar aplikasi jelajah fitur kasih jempol;590;1
aplikasi bagus bantu;591;1
bagus perlu tingkat proses kirim masih terlalu lama proses kirim sekitar padahal rumah samsat sekitar doang;592;1
biaya rp ongkos kirim rp format tulis alamat lengkap akhir kurir telpon salah samsat pos kasih kirim alternatif selain pos indonesia;593;-1
bingung proses kirim stnk laku bayar tanggal proses bayar selesai tiap cek resi pra collection skarang harus tunggu;594;-1
tanya nomor nik nomor nik milik kendara motor nomor nik punya aplikasi;595;0
mantap layan masa tunggu;596;-1
tambah estimasi waktu proses masyarakat kira proses bayar pajak tahun tidak seperti aplikasi bodong;597;-1
bayar indomart pdhl akhir tolong respon;598;0
bayar pajak daftar aplikasi signal bayar cabang coba;599;0
proses bagus tetapi ingin laku bayar lalu indomart slalu tidak tidak;600;1
bukti pajak kirim jasa kantor pos terima lupa bayar terima akhir lama banget padahal kilat khusus tarif kirim atas normal lama kirim kaya indonesia korea bos perlu tingkat cuma cepat jasa kurir doang ayo kantor pos kerja mantap kalah jasa kurir swasta pantas tenggelem;601;-1
bantu bayar pajak;602;1
tanya daftar kendara punya keluarga bukan kk pilih cuma milik pribadi milik keluarga kk;603;0
bapak polisi hormat tolong plat merah liput mika hitam tindak terima kasih;604;0
mohon mudah tampil menu supaya user tidak bingung;605;0
mudah hanya tambah motor gagal;606;1
soal bayar syukur lancar gampang daftar gampang kendala anter kirim surat lama nunggu baru sampai;607;1
tinggal nunggu datang;608;0
tolong kirim rumah gratis lumayan mahal area jakarta pusat biaya;609;-1
proses cepat mudah cuma bayar pajak kendara ongkirnya beda padahal alamat ekspedisi oke;610;1
mohon update datang tambah bayar virtual account bank swasta coba bayar pun gagal seperti aplikasi korlantas sinar virtual account bank swasta plat terima kasih;611;-1
bayar pajak daring hemat waktu hindar pungli sayang stempel stnk tidak dapat;612;1
panjang usah samsat cukup aplikasi signal stnk kirim rumah;613;1
yesss bagus;614;1
ok kendala sitem;615;1
cara dapat kode bayar bgmn;616;0
bantu kadang tidak waktu datang samsat cuma kendala kurir lama;617;1
mudah urus panjang stnk depan panjang tahun cara daring;618;1
tanya bayar pajak motor atas nama pt daftar nik isi nik direktur urus kendara usaha nomor tdp tdp krna kena verifikasi bawah digit trimakasih mohon bantu;619;0
tidak usah;620;-1
bayar kurang lengkap aplikasi moga depan bayar lalu mobile banking;621;-1
bagus cuman dapet hologram qr buat sendiri baca scan sekali buat;622;-1
baik hanya biaya proses lama;623;-1
cuma belum unduh dokumen;624;-1
aplikasi mudah walaupun awal kendala kesah tidak dapat laku minta hubung call tengah kemudian hubung call tengah via ig dapat respon baik update kesah moga laku evaluasi lanjut terima kasih tim;625;-1
guna klik jenis kirim buat kirim dokumen tulis sistem layan ulang hanya guna jam kerja;626;-1
terima kasih walaupun sempat gagal unduh data tingkat;627;-1
lumayan sayang waktu kemaren bayar pajak motor opsi pilih kirim tidak pilih akhir paksa pilih ambil sendiri samsat;628;-1
oke mantap;629;1
bayar tetapi aplikasi bayar cara adu masalah;630;-1
bantu mudah guna mantap polri;631;1
mohon maaf panjang sim daring cara tidak aplikasi;632;0
sayang bayar aplikasi harus datang atm bayar aplikasi tambah mantap mantap;633;-1
bayar pajak lebih mudah efektif efisien moga layan daring makin baik banyak masalah;634;1
nanya sini ganti plat tahun;635;0
guna manfaat tanggal merah besar samsat digital nasional signal sistem masih layan terima kasih;636;1
lumayan bantu belum sulit tidak ambil stnk;637;1
verifikasi wajah sulit banget;638;-1
mantap aplikasi bantu mudah bayar pajak motor depan panjang sim;639;1
baik;640;1
mantap tidak perlu mudik stnk urus cara daring tinggal duduk manis;641;1
cara daftar kesah stnk gagal terang kendara anda jatuh tempo padahal pajak mati bulan februari;642;-1
ubah keren proses cepat banget bayar banyak bank dokumen tinggal tunggu rumah proses bayar tgl belum dateng;643;1
mantap aplikasi makin mudah terima kasih;644;1
puas tidak perlu antre samsat;645;1
mohon bantu bayar gagal padahal waktu jatuh tempo masih;646;0
bantu bagi tidak sempat datang samsat bayar banyak cara bayar bayar bayar kecil pasar;647;1
sulit;648;-1
ok;649;1
puas aplikasi mudah bayar pajak bantu;650;1
sayang cuma bayar punya sendiri keluarga kk beli kendara bekas belum bayar sini;651;-1
perlu tingkat servernya lama loading;652;-1
bagus tingkat layan;653;1
bayar bank belum;654;0
kirim dokumen stnk samsat slawi kabupaten;655;0
gagal ulas poto liveness mohon cerah;656;0
bintang dulu coba dulu;657;0
coba pilih kirim alamat bukan kirim tera alamat stnk domisili beda alamat stnk coba cetak stnk sendiri tanpa harus tunggu kirim pos datang samsat dar saran masuk bayar daring sini bagus bantu tanpa harus tunggu lama terima kasih;658;-1
;659;0
verifikasi gagal masalah;660;-1
tiap daftar kendara loading tiba tiba keluar sendiri;661;0
dar masuk pilih bayar akomodir bank bayar dompet digital seperti ovo dana link;662;-1
belum lengkap;663;-1
daftar kesah stnk gagal;664;0
tolong fitur tulis alamat baik pilih provinsi kota harus otomatis tambah kolom alamat;665;-1
tiap daftar kesah stnk validasi butuh;666;0
mantap qr bakal kecewa nyata awal agak sulit daftar lalu ikut tutorial youtube masuk daftar nomor kendara motor lalu bayar via transfer rekening sampai rumah antar pos mantap sempit ruang gerak pungli baru revolusi industri;667;1
kirim dokumen pos masih belum proses kesah lancar mantap;668;1
mudah sulit antri;669;1
opsi kirim gagal;670;-1
aplikasi bantu sekali hal bayar pajak kendara ndak perlu repot harus datang sendiri kantor samsat tingkat mutu layan baik moga depan waktu kirim bukti transaksi rumah tidak sampai kerja;671;1
hasil stnk sampai selamat proses kesah dokumen sampai kirim bengkulu semarang perlu tingkat jadwal pos ambil up dokumen kantor tiap tiap kirim sehingga dokumen tidak tahan lama kantor samsat;672;1
daftar kendara gagal daftar harus sesuai nama stnk daftar stnk atas nama istri;673;0
bagus tolong tambah metode bayar bank;674;1
sayang bank buat bayar;675;-1
mungkin aplikasi baru masih sering gagal agak sulit ketika bayar transaksi nyata gagal kirim stnk lumayan lama jarak bayar stnk sampai rumah bulan jauh lebih mudah banding harus antre panjang kantor samsat terima kasih mudah moga depan aplikasi alami tingkat;676;-1
proses cepet kirim rumah;677;1
moga aplikasi makin baik khusus proses bayar;678;1
kirain cetak gerai samsat dekat trnyata harus samsat pusat malah lebih jauh kirain bakal lebih efisien trnyata trnyata;679;-1
data kendara tidak tambah padahal data sesuai;680;-1
ok kirim cepat;681;1
mantap tanpa lelah gerah antre selesai;682;1
aplikasi bantu mudah namun tidak kolom alamat kirim stnk ketika bayar soal domisili beda alamat stnk benar menu transaksi pilih lacak pos klik tidak muncul info selesai kirim stnk moga depan lebih baik terima kasih layan mantap;683;1
opsi kirim tidak guna walau update aplikasi;684;-1
cara cetak stnk sah;685;0
tolong aplikasi tahan rating tidak tambah jelek alamat rating tambah jelek gulung tikar aplikasi guna aplikasi sukses bantu tolong tingkat layan aplikasi lihat nilai nilai tambah kesini tambah jelek;686;1
mantap;687;1
bagus;688;1
kemaren pajak tahun bentur bayar punya rekening bank daftar akhir samsat nyata harus mutasi dulu beda alamat ktp stnk padahal aplikasi seperti;689;-1
perlu update transaksi kadaluarsa masih daftar transaksi kadang bingung;690;-1
tingkat urus pajak tahun sekali panjang sim;691;0
mohon baharu kembali metode bayar supaya mbanking mungkin tambah cara bayar by alfamart lebih mudah bayar terima kasih;692;-1
bayar anggap selesai tetapi tidak opsi proses kirim mohon bantu terima kasih;693;0
ok bingung saran temu masalah;694;1
keren cuman opsi kirim dokumen gagal;695;1
tanya aplikasi resmi;696;0
daftar ktp wajah verifikasi verifikasi otp tidak pesan email masuk sampai coba akhir halang batas kirim otp hanya;697;-1
bingung belum masuk alamat bayar selesai kirim pos ambil sendiri samsat;698;-1
daftar pelihara kemaren sampai belum akses;699;-1
tolong isi data kendara gagal padahal data sesuai mohon bantu;700;-1
aplikasi bagus mudah bayar pajak tanpa harus samsat mantap ingin tanya terbit stnk;701;1
jauh bagus;702;1
lumayan mudah perlu antre antar;703;1
mudah layan saran mungkin baik seluruh lengkap cap stnk pajak tahun kecuali tahun sehingga dapat kirim dokumen kurang antri terima kasih sukses signal;704;1
keren aplikasi bayar pajak tanpa perlu samsat kirim cepet mantap polri;705;1
bagus mudah urus sim;706;1
bayar pajak tahun kendara motor mudah terima kasih;707;1
mantap;708;1
bantu moga lebih baik;709;1
bantu sekali;710;1
opsi kirim tampil aplikasi jika ingin ubah alamat kirim;711;0
bantu;712;1
mudah bantu;713;1
bagus cukup bantu tingkat layan;714;1
mantap;715;1
hemat waktu tenaga meski lebih mahal sedikit tidak sukses aplikasi signal tahan;716;1
mantap kerja stnk fisik smpe rumah kena razia bukti kesah digital sblm stnk asli;717;1
manfaat sekali tidak perlu repot repot datang samsat mantap;718;1
mantap baru aplikasi supaya antre samsat metode bayar banyak pilih bagus;719;1
mantap signal sukses makin tingkat layan ok awal sampai akhir mantap buat pos indonesia kirim paket;720;1
bantu stempel;721;1
mantap tidak repot urus;722;1
mantap bantu berantas calo bayar unit bulan lancar depan moga sedia layan balik nama mutasi;723;1
mantap tambah mudah bayar pajak;724;1
mantap cepat perlu repot;725;1
bagus;726;1
syukur signal samsat buat kerja makin gampang bantu;727;1
mudah cepat terima kasih signal samsat digital nasional kembang ide kreatif mudah warga urus tanpa antre;728;1
cepat bagus;729;1
salam layan makin baik jaya salam sehat seng;730;1
mudah praktis hemat waktu;731;1
bagus lancar mudah;732;1
mantap cepat selesai tanpa perlu antre kesah rasa stiker hologram ganti;733;1
bagus bagi orang urus samsat;734;1
bagus;735;1
syukur sampai sangka kirain bakal lama nyata cepet sampai terima kasih;736;1
mantap;737;1
terobos bagus harap kantor perintah guna aplikasi seperti;738;1
mantap bantu manfaat aplikasi bayar pajak kendara motor;739;1
balik nama beli motor bekas punya jauh tidak punya ktp;740;0
mantap mudah lancar kirim rumah;741;1
mantap bantu tidak usah antre;742;1
stnk sampai alamat tuju waktu bayar bantu sekali aplikasi pasti percaya terima kasih;743;1
bantu tidak punya waktu mantap;744;1
bantu sedang luarkota perlu repot harus samsat kota asal bayar pajak antre panjang moga aplikasi layan makin bagus;745;1
praktis;746;1
bantu sekali signal mantap;747;1
bantu tunggu inovasi;748;1
aplikasi mudah paham bantu bayar pajak kendara motor moga makin maju layan indonesia masyarakat indonesia peduli wajib pajak terima kasih;749;1
bantu lebih baik serba digital;750;1
terima kasih signal urus mudah;751;1
aplikasi bantu bayar pajak motor utama bagi domisili luar kota cuma proses agak lama moga lebih tingkat proses hr kerja penuh kerja;752;1
mantap;753;1
terima kasih atas bantu aplikasi signal;754;1
syukur lancar akurat;755;1
bagus terobos inovasi laku oleh polri pemda moga polri makin jaya;756;1
keren aplikasi benar benar mudah wajib pajak laku wajib mantap samsat mantap polisi mantap dispenda;757;1
mantap proses cepat kirim cepat terima kasih signal bantu buat domisili jauh samsat lebih tingkat daftar gmail lebih mudah;758;1
bantu tidak repot antre;759;1
praktis layan daring buat urus perlu antre samsat hindar kerumun;760;1
keren banget mah gitu tinggal zaman teknologi canggih manfaat canggih teknologi moga pajak tahun sim panjang aplikasi signal batas waktu bayar terlalu singkat batas waktu bayar jam terima kasih mantap polisi indonesia;761;1
bantu sekali cara daring mudah paham;762;1
bantu proses cepat mudah;763;1
awal coba hasil akhir mantap daftar pagi telpon pihak pos siang bukti bayar pajak terima terima kasih signal lanjut pelihara sistem mantap;764;1
bagus;765;1
mudah cepat aman enak harus samsat pasti lebih murah daring dateng;766;1
keren dah mantap tinggal tahun kaya gesek dokumen minyak screen shot kirim plat kurir lanjut pungli calo kurang semangat;767;1
mudah aplikasi bener bayar pajak kendara supaya tidak repot harus kesana kemari;768;1
sempurna perlu biro jasa;769;1
bagus kerja bantu;770;1
muas;771;1
aplikasi benar bantu moga depan maju lanjut terima kasih;772;1
bantu sekali pandemi covid;773;1
bagus sekali harus gin bayar pajak kendara sulit;774;1
terima kasih bantu bapak era digital;775;1
mudah cepat;776;1
aplikasi cukup bantu cara transaksi mudah percaya mungkin lebih baik user print sendiri bukti bayar nyata laku jalan bukti pajak kirim rumah sehingga user tidak perlu samsat cetak manual sukses polda metro jaya;777;0
bayar pajak gampang perlu antre perlu bayar parkir kantor perintah parkir aneh tinggal cocok data bayar mobile banking tinggal tunggu rumah;778;1
lumayan praktis tidak perlu antre pagi bayar siang sampai;779;1
terima kasih sukses;780;1
mantap;781;1
mudah terima kasih signal moga tingkat layan;782;1
mantap;783;1
bantu sekali proses cepat tidak sampai sampai rumah bukti cetak pajak stnk;784;1
oke banget tidak perlu antre moga makin baik;785;1
terima kasih bantu waktu kirim kerja lebih cepat kirim;786;1
lebih cepat selesai banding pergi samsat bantu sekali terima kasih;787;1
bagus;788;1
terima kasih signal inovasi bagus praktis;789;1
bantu;790;1
bantu sekali terima kasih;791;1
bagus bantu terima kasih signal;792;1
bantu sekali bayar pajak tidak harus datang samsat proses cepat terima kasih;793;1
baru pertama guna aplikasi mudah sekali apalagi jasa antar rumah;794;1
simpel mudah guna;795;1
bantu kerja tidak usah izin kantor mantap;796;1
bantu jika stnk habis lalu daring terima kasih jajar polisi beri masyarakat mudah panjang stnk lalu daring;797;1
mantap;798;1
benar sekali lebih mudah bantu urus bayar pajak kendara maju;799;1
mantap mudah dapat promo terima kasih signal;800;1
syukur cepat efektif efisien;801;1
bagus tidak sulit;802;1
simpel harus seperti layan publik indonesia moga layan daring seperti;803;1
mantap moga lebih cepat proses waktu datang;804;1
praktis mudah;805;1
saran guna elektronik lebih cepat lebih baik;806;0
oke proses lancar hasil cepat terima kasih;807;1
tanpa antre dateng samsat;808;1
mantap mantap dah lusa tiba rumah surat pajak;809;1
mantap gandos payah duit;810;1
aplikasi mantap bagus bantu panjang stnk tanpa datang fisik pandemi covid tinggal rumah selesai terima kasih polri;811;1
mudah bantu kirim cepat terima kasih;812;1
cepat cara kerja;813;1
mudah bayar pajak kendara;814;1
proses cepet tingkat;815;1
seperti masyarakat taat pajak lebih simpel;816;1
terimakasih signal bantu banget luar kota milik anak kecil bintang daftar proses cepat mudah tidak halang terima kasih bayak;817;1
mantap bantu cuman saran mungkin lebih muda proses bayar banking aplikasi trimakasih ucap polri;818;1
bayar pajak tahun mudah syukur bantu bagi kami kerja kantor sulit antre kumpul ruang kirim ekspres banget pos sampai cuma ongkos kirim lumayan mahal tambah uang moga layan bayar seperti panjang sim pajak tahun;819;1
keren aplikasi sibuk tidak datang samsat terima kasih;820;1
sampai rumah mantap;821;1
proses mudah bantu tanya belum jawab bukti kesah ganti cap paraf kotak stnk kata sticker dapat terima kasih;822;1
mantap kabupaten bekas cepat;823;1
bayar rumah tanpa perlu antre samsat cuma kirim berkas kesah agak lambat tingkat;824;1
bayar pajak via digital hemat biaya transportasi terobos bagus mantap polri;825;1
mantap proses cepat;826;1
bantu sekali hemat wp uang negara;827;1
oke;828;1
terimakasih manfaat bantu sulit keluar;829;1
aplikasi bagus tidak perlu lelah antri stnk datang rumah proses cepat mantap poko;830;1
mantap praktis sumpah panjang pajak tahun nyaman umur hidup;831;1
berkat aplikasi muda bayar pajak jauh terima kasih signal aplikasi;832;1
fyi cara tonton youtube aplikasi intruksi proses kurang lebih selesai luar tgl merah libur terima pos hanya stnk kesah mesti print qr aplikasi signal agak sulit saran coba aplikasi kasih catat tata cara buat akun pesan supaya bingung orang gaptek awam waktu bayar tolong tambah kasi cuma jam orang mesti buru atm terima kasih;833;0
aplikasi mudah guna efisien kirim sampai terima kasih;834;1
bantu kurang tumpu orang antre lanjut ganti plat sim daring panjang sistem signal;835;1
mantap cepat bantu;836;1
bantu sekali sesuai kembang jaman digital;837;1
mudah bayar pajak bagi domisili luar riau;838;1
bagus bayar pajak tahun aplikasi bebas antre cuma kirim agak lama pajak tahun bayar aplikasi terima kasih;839;1
aplikasi mantap data sesuai sungguh moga nanti bayar pajak via aplikasi;840;1
bantu tidak repot urus dokumen;841;1
aplikasi bantu stnk terima;842;1
mantap harus pulang;843;1
bayar kemudian stnk sampai rumah kota bekas terima kasih signal;844;1
tanpa kendala terima kasih;845;1
bantu bayar pajak lebih mudah;846;1
mantap bayar pajak motor perlu repot samsat rumah isi data menit bayar dapet promo stnk kemudian sampai rumah kirim via pos indonesia mantap samsat;847;1
baru kurang sosialisasi daerah guna kurang buang buang waktu antre samsat;848;-1
bantu terima kasih;849;1
signal ok bantu bayar daring jarak jauh cuma kecewa kirim pt pos notabene punya perintah masa antar camat kirim sampai pos kerja lambat daan kecewa;850;1
bantu banget perlu antre apalagi calo mantap;851;1
proses cepat;852;1
bagus kerja mantap proses mudah cepat trimakasih signal;853;1
baru pertama aplikasi signal mudah bayar lancar kirim cepat moga depan lancar rekomendasi wajib coba aplikasi signal;854;1
coba bayar aplikasi keren mudah bayar cepat sulit;855;1
bantu tinggal klik klik klik cuma tambah bayar;856;1
tolong baik khusus atm internet bank tidak aplikasi sekali tidak dukung pajak mohon tindak lanjut;857;-1
terima kasih bantu masyarakat bayar pajak motor tampa antre samsat salam sehat terima kasih;858;1
alhamdulilah aplikasi bagus banget bantu meski luar kota bayar pajak kendara tidak perlu repot repot kantor samsat istri rumah tinggal terima bukti pajak tahun aman tahan layan syukur tingkat utama kirim terima kasih;859;1
terima kasih sampai rapi kirim;860;1
mudah cepat keren;861;1
mudah simpel mandiri;862;1
daftar gilir bayar daring tidak;863;-1
aplikasi bantu panjang stnk tanpa sulit tanpa buang waktu layan relatif cepat singkat muas kembang layan aplikasi terima kasih;864;1
cara gampang sulit perlu antre lama samsat bayar pajak;865;1
stiker kesah kirim selain kantor pos antar pos desa masih besar harap imbal kirim rumah;866;-1
manfaat transparan cepat terima kasih;867;1
mudah bayar pkb serta tingkat dapat negara;868;1
pajak tahun plat kirim rumah;869;0
baik muas moga pajak tahun cara daring mantap banget buat signal;870;1
mantap aplikasi signal mudah bagi kerja waktu luang urus pajak samsat tgl bayar tgl sampai rumah antar pos terima kasih pos indonesia;871;1
urus pajak kendara tanpa harus keluar rumah;872;1
bantu rantau;873;1
ok;874;1
cukup puas sampai;875;1
cepat mudah;876;1
layan sempurna bayar pajak mudah;877;1
mantap;878;1
proses terbit sampai hr kerja gapapa hemat waktu harus antre moga cepat proses moga nanti bakal ganti plat aplikasi;879;1
puas banget layan unggah antar cepat;880;1
oke mantap lanjut tingkat performa terimakasih;881;1
moga layan konsisten baik;882;1
mantap;883;1
simpel cepet;884;1
cepat sulit antre tinggal klik;885;1
mantap dah mudah benar jauh nama calo pungli siap dah moga slalu lebih bagus;886;1
mudah banget suka;887;1
bagus;888;1
bagus transaksi ikut kirim datang;889;1
profesional bantu;890;1
layan bayar indomart tolong sedia kemarin belum link signal;891;1
cepat mudah nomor sulit terima kasih signal;892;1
bagus;893;1
mantap sulit sambil rebah pun bayar pajak;894;1
bantu;895;1
aplikasi mantap salah inovasi baik polri jaya polri;896;1
aplikasi bantu mudah bayar pajak terima kasih polri;897;1
cepat tepat manfaat;898;1
bagus aplikasi bantu;899;1
makin mudah nyaman unduh isi biodata aju panjang stnk tahun motor bayar tunggu sekira kerja stnk sampai rumah dahh makas signal moga makin jaya;900;1
mantap;901;1
aplikasi bantu hal bayar pajak tahun stnk sukses samsat polri;902;1
cukup bantu;903;1
stnk sampai rumah;904;1
bantu harap segala lini mudah seperti;905;1
mantap puas bayar pajak rasa layan hadir signal bayar pajak tidak harus samsat tidak buang waktu antre moga kembang maju signal cover pajak stnk depan moga panjang sim pajak pajak tahun;906;1
mantap tingkat layan lebih gampang masyarakat bayar pajak mudah;907;1
terima kasih aplikasi cukup baik hanya waktu bayar bsi malam ganggu nyata coba mandiri lancar saran baik kode bayar email tutup mesti buat aju baru isi alamat ongkir alamat turut agak mahal dalem kota mungkin lebih jangkau supaya bayar pajak tambah hemat semangat;908;-1
rekomendasi buat rantau usah balik kampung cari samsat tinggal bayar banking gerai walau ongkirnya lumayan mahal layak it perlu antre antre ygy;909;1
bantu sekali kampung waktu bayar pajak rekomendasi;910;1
bantu;911;1
cepat sekali proses wilayah kabupaten bogor jawa barat coba coba panjang daring pagi takut proses kirim lama nyata sampai cetak stnk pos khusus biaya lumayan ongkir rban layan cepat simpel cukup rumah perlu samsat kecuali rumah dekat samsat samsat daring moga makin baik mudah layan;913;1
sistem layan mudah gampang tampa sulit;914;1
aplikasi bantu masyarakat moga makin maju kembang;915;1
beri nyaman masyarakat penuh wajib;916;1
bantu sekali;917;1
aplikasi bagus guna repot tidak bayar pajak samsat bayar pajak mudah buat lebih taat pajak dar saran biaya kirim tbpkp misal masih kota buat gratis batas waktu bayar panjang jangan hanya jam salah punya mobile internet banking masalah harus atm sedikit harus buru;918;1
bayar mudah kirim sampai;919;1
syukur mudah masih kendala tidak tambah data kendara sendiri hasil sampai terima stnk baru milik istri mohon kira dapat bantu tambah data kendara aplikasi signal;920;1
mudah cepat;921;1
mudah buat bayar pajak perlu antre moga dapat tingkat layan;922;1
bagus;923;1
tunggu bantu bayar stnk pajak tahun aplikasi belum terbit cara otomatis;924;0
coba dulu moga bagus bintang harga buat aplikasi;925;0
sangattt sangaaat bantu minta tanpa antre tanpa terima kasih samsat;926;1
keren layan stnk terima mantap;927;1
ok;928;1
bagus perlu samsat panjang terima kasih;929;1
cepat tidak sulit terima kasih samsat aplikasi mantap;930;1
muas cukup bayar pajak tahun tangan kirim jawa ketika bayar proses;931;1
coba dulu tidak kasih bintang;932;0
aplikasi guna efisien waktu;933;1
syukur bukti bayar pajak terima proses serba digital kirim ekspres by pos terima kasih korlantas polri tuju era digital mantap;934;1
bantu antre temu calo bener mudah bagus;935;1
bantu;936;1
mudah cepat proses;937;1
bayar pajak kendara kesah stnk praktis dadi rumah proses cepat aman;938;1
keren mudah masyarakat sekali moga kembang lebih baik;939;1
mantap bayar daring tidak perlu antre bayar pajak motor moga baik berkas elektronik tanpa harus kirim ambil samsat;940;1
oke punya;941;1
oke enak;942;1
aplikasi manfaat mantap mudah urus lebih cepat;943;1
syukur stnk sampai selamat mudah masa pandemi kayak gin memang tidak konfirmasi dulu pihak samsat pasti dulu gitu nama alamat terima terimakasih;944;1
mantap perlu lelah datang samsat cukup rumah antar terima kasih sukses;945;1
bagus sulit tingkat bayar bank;946;1
cukup bagus bagus;947;1
mudah buat kami grup sibuk;948;1
mantap sukses samsat dki stnk kirim oleh pos saran lebih mudah bayar blibli;949;1
aplikasi signal perlu lapor antre gerai kantor samsat;950;1
barang coba getar;951;1
bagus mudah bayar pajak kendara motor tidak perlu antre;952;1
mantap lanjut;953;1
lumayan bantu stnk kirim rumah;954;1
mantap cepet praktis;955;1
syukur selesai proses panjang stnk mudah banget tanpa harus datang kantor samsat tempat proses cepat kirim cepat terima kasih;956;1
bagus tata;957;1
mantap mudah tingkat layan;958;1
mantap sulit tolong benah sedikit harga kirim stnk jangan mahal mahal hehehe terima kasih;959;1
proses mudah cepat selesai;960;1
syukur stnk sampai rumah hanya bayar;961;1
mudah terima kasih signal;962;1
terima kasih signal aplikasi bagus;963;1
keren cuma kendala verifikasi muka foto ktp suka sulit jauh bantu terima kasih sukses;964;1
bantu trimakasih;965;1
mantap lebih tingkat;966;1
asli bener cuma lama proses buat;967;1
bantu lebih efisien baik cara waktu tenaga luar biasa moga pelihara baik makin lebih baik;968;1
guna aplikasi mudah kirim cepat terima kasih korlantas polri;969;1
alam senang urus panjang stnk mudah walau luar kota;970;1
bayar pajak kendara tidak perlu repot keluar rumah antre kantor samsat selain pandemi tidak perlu takut telat bayar pajak alas tidak punya waktu kantor samsat mudah unduh aplikasi signal sulit proses transaksi aman stnk kirim alamat rumah oleh pos indonesia terima kasih signal;971;1
terima kasih aplikasi signal bantu proses kesah stnk kami bantu sekali hal waktu tempat proses mudah cepat efisien;972;1
mudah simpel turut aplikasi baik aplikasi kait urus perintah;973;1
mantap;974;1
mantap layan mantap hanya bayar belum;975;1
mantap bayar pajak lebih cepat efisien;976;1
bagus aplikasi;977;1
puas datang kirim luar daerah pun;978;1
mudah sekali bayar pajak motor tidak perlu antre;979;1
muas tolong tambah jenis bayar lalu bank;980;1
bagus;981;1
alhamdulilah mudah;982;1
suka mudah mesti dtg samsat;983;1
aplikasi bantu sekali apalagi rantau negeri orang aplikasi mudah guna;984;1
bagus bantu layan panjang pajak kendara motor beda pulau;985;1
mantap;986;1
mantap;987;1
mantap nomor sulit;988;1
mantap mudah lebih enak kirim rumah masih ambil samsat lebih cepat tinggal tunjuk bukti bayar tunggu cepat;989;1
mudah guna simpel bantu sekali ketika luar daerah guna sistem daring seperti;990;1
bantu urus pajak luar wilayah hemat biaya;991;1
mantap coba mudah;992;1
layan cepat tidak perlu antre mudah masyarakat;993;1
mantap tidak sampai terima tadi bayar sulit smpe akhir transfer atm selesai terima kasih;994;1
mantap mudah sekali;995;1
situasi seperti bantu proses sesuai estimasi sampai alamat saran buat teman transaksi bayar baik guna bank sedia usaha alamat kirim rinci mungkin saran buat kembang aplikasi depan tingkat kerjasama bank swasta masuk kurir kirim;996;1
mantap kurang hanya terang kirim tolong update sampai dokumen cuma update waktu awal kirim;997;1
ok;998;0
bantu bagus mudah cepat;999;1
aplikasi muas jasa kirim pos kecewa tambah jasa kirim jangan pos kurang bagus;1000;1
syukur bantu puas aplikasi signal;1001;1
cepat mantap;1002;1
jember mantap usah calo calo terimakasih signal;1003;1
mulai coba bayar daring proses mudah cepat saran stempel lembar kesah daring proses masih harus samsat stempel;1004;1
mudah masyarakat urus stnk;1005;1
signal bagus sesuai harap lembar pkb tahun antar sampai rumah buat tahun tanda harus stiker tempel bahwa bayar kolom pajak tahun;1006;1
mudah tidak sulit sulit samsat tinggal klik;1007;1
bantu seka terima kasih signal;1008;1
mantap muda masyarakat;1009;1
bantu masyarakat waktu minim bagus mudah urus pajak kendara;1010;1
kirim cepat hanya ketika lacak status kirim tidak jalan alhasil harus chat ekspedisi kantor pos indonesia mereka bantu urus paket aplikasi bagus mudah panjang masa aktif pajak kendara tanpa harus antre;1011;1
coba bayar lalu blibli sampai livin mandiri gagal waktu transaksi bayar;1012;0
terima kasih bantu sekali tempat jauh laksana wajib bayar pajak tanpa harus repot tinggal kerja terima kasih;1013;1
lebih mudah pusing cari loket tinggal duduk kopi bakar samsu;1014;1
simpel;1015;1
mantap tinggal update proses perlu tingkat utama konfirmasi bayar lebih cepat update tenang;1016;1
aplikasi bagus aplikasi bantu bayar pajak stnk cukup cepat mudah dokumen terima rekomendasi;1017;1
cepat praktis bantu;1018;1
mantap dukung pajak lebih simpel enggak banyak birokrasi moga depan pajak tahun;1019;1
;1020;1
simpel relevan;1021;1
aplikasi bantu milik kendara motor;1022;1
bagus;1023;1
mantap bantu;1024;1
makin mudah jaga baik kurang;1025;1
polisi tidak bayar pajak tanpa ktp pihak pertama;1026;0
verifikasi data sulit masa foto ktp asli bener kata bukan orang aplikasi bik emosi;1027;-1
gagal verifikasi;1028;-1
daftar susah banget bayar bukan minta;1029;-1
gagal daftar jelas foto jelas emang harus kurus kaya foto ktp bayar pajak daring sulit kata gampang baru daftar sulit;1030;-1
verifikasi wajah verifikasi gagal kata foto ktp asli beda polisi;1031;-1
gagal verifikasi foto ktp foto propil haduh;1032;-1
verifikasi foto profil gagal;1033;-1
aplikasi bagus ringan metode bayar cuma dikit pilih tambah kaya bank digital pasar gitu kalian ken rakyat rutin bayar pajak sulit gin samsat jauh harus izin kerja pungli bingung dah bayar gmna;1034;-1
verifikasi sulit banget ulang puluh masih gagal;1035;-1
daftar sulit banget gagal kata foto profil tidak sesuai ktp baik bayar pajak aju pinjol segala verifikasi wajah jelas situ nik foto ktp usah selfie;1036;-1
aplikasi bagus pasti manfaat bagi orang urus bayar pajak motor gin tambah nomor kendara gagal suruh cek data padahal benar valid mohon gimna solusi terima kasih kasih;1037;0
bayar pajak lalu signal ikut proses tahap tahap bayar selesai tahap kirim abis bayar selesai;1038;0
laku daftar kendara bukan atas nama sendiri beli motor ken bukan baru;1039;0
aplikasi payah buat urus pajak kendara motor masih repot harus signal kuat sistem banyak bug percuma rakyat keluar biaya pajak aplikasi tidak guna;1040;-1
digital korlantas masuk ndak kirim kode otp panjang sim daring tidak samsat;1041;-1
unduh dulu jawa tengah fungsi aplikasi buat jawa tengah khusus;1042;0
cara ganti nomor hp tidak aktif;1043;0
bayar tidak pilih kirim stnk;1044;0
unduh kata sedang pelihara coba memang pelihara pagi orang ingin laku bayar moga depan makin bagus dah;1045;-1
aplikasi belum siap seperti ayo samsat pergi digital mayan siap masih banyak arang bahkan masih sulit masuk gagal daftar fitur kembali biro jasa panjang stnk;1046;-1
info bayar pajak mati lebih tahun denda motor;1047;0
gagal verifikasi liveness salah mohon bantu;1048;0
bayar stnk biaya pos mungkin kirim stnk asli kerja tidak resi pos indonesia lumayan biaya ribu orang kata teman samsat buat ambil percuma bayar jasa kurir;1049;-1
buruk;1050;-1
daftar harus samsat segala;1051;-1
aplikasi bagus masih banyak bug mohon baik supaya masyarakat lebih mudah nyaman bayar pajak cara daring;1052;-1
gagal verifikasi;1053;-1
tidak guna mohon bantu guna kasih bintang;1054;-1
stnk asli koq sampai bulan lebih tolong cerah;1055;-1
layan kirim stnk fisik terima tidak informatif status hanya pra collection ubah ubah tanya malah jawab gantung pihak bappeda tempat kirim haduh begini jatuh lebih cepat datang samsat;1056;-1
unduh percuma guna masukin data kendara gagal padahal nama noka sesuai coba tanya respon;1057;-1
daftar salah alas tidak foto ktp asli pdhl memang punya ktp;1058;-1
bayar tidak guna;1059;0
kurang puas laku urus lalu aplikasi tgl sampai belum selesai proses masih progres;1060;-1
verifikasi wajah kurang mudah sulit identifikasi senyum;1061;-1
bayar via bank mandiri tidak laku;1062;-1
kira kendara balik nama bayar pajak via daring cuma stnk ktp daftar signal doang ujung manual kantor samsat;1063;-1
unduh daftar akun niat coba bayar pajak motor baru beli bekas tidak;1064;-1
gagal bayar guna banking mandiri tolong bantu gitu;1065;-1
verifikasi profile sulit sekali;1066;-1
belum suluh bank bjb anjing bank bjb kata malah bank bjb unit kibin bank bjb unit jati uwung tangerang;1067;-1
sulit daftar gagal;1068;-1
dokumen unduh;1069;0
verifikasi gagal muncul tulis foto liveness tidak sesuai ktp;1070;-1
isi data benar masih tolak utama bagi digit akhir nomor rangka mohon jelas;1071;-1
sulit buat akun kirim kode otp hanya pun harus sekitar menit parah;1072;-1
malam hal transfer bayar tumpang transfer punya bank struk bukti transfer dapat nomor nik pihak transfer untung saudara sendiri beliau baru tahu nik nik segala kira tadi nik punya pihak signal bank transfer guna bank mandiri tolong jawab cara sering tipu bobol data hanya nik dulu terima salam;1073;-1
sulit log sulit nunggu verifikasi email aktivasi sulit;1074;-1
kurang lengkap menu hasil transaksi info ambil surat bayar pajak;1075;-1
cek nominal pajak gilir bayar padahal kode bayar sesuai coba bank bni mandiri buat bayar hampir jatuh tempo bayar;1076;-1
bar via atm bank dki tidak menu via bank swasta tidak tidak kaya aplikasi smolnas dulu simpel;1077;-1
daftar tolak nik nama foto liveness benar;1078;-1
login sulit;1079;-1
aplikasi fungsi akun mudah bayar verifikasi ujung ujung datang kantor;1080;-1
aplikasi ras verifikasi gagal selfie foto ktp tidak sesuai bapak foto ktp waktu sma skarang bapak babak foto kaya waktu sma;1081;-1
tidak laku bayar lalu atm internet banking tidak pilih menu kirim mohon tunjuk tolong aplikasi baik terima kasih;1082;-1
sulit log verifikasi tidak daftar;1083;-1
daftar sulit alas wajah beda ktp ktp foto lama solusi;1084;-1
tiap bayar atm koneksi putus solusi;1085;-1
buruk verifikasi wajah dah terima terima gilir terima kode otp dah kirim kirim padahal daerah telkomsel signal mantap;1086;-1
daftar akun verifikasi ktp salah mulu ngerti dah;1087;-1
bagus tempat bayar alfamart indomart coba nyata gagal bayar atm;1088;-1
tidak bayar pajak telat tahun bukan tidak bayar pajak males antre cara sulit nunggu lama bayar cara daring gampang bayar cetak sendiri stnk panjang stnk tahun masuk data kendara bayar plat nomor kirim alamat tidak tidak sedia jaman canggih mudah seperti pasti bayar pajak;1089;-1
bintang dulu stnk belum sampai;1090;-1
sulit kaya dulu;1091;-1
log foto verifikasi muka tidak tulis wajah tidak sesuai ktp hal sebut informasi punya kembar pengaruh wajah verifikasi kembar;1092;-1
aplikasi hanya guna guna tangan pertama nasib seng tenggat kendara tangan;1093;-1
aplikasi gilir masuk nrkb tidak;1094;-1
stnk kata kirim hingga belum terima;1095;-1
samsat lampung selatan ketika proses bayar daring gagal memang samsat lampung selatan belum signal mohon jelas;1096;-1
minta verifikasi wajah pernah konfirmasi pdhl butuh syarat daftar gagal foto tidak sesuai butuh harus log sedang daftar akun baru mohon solusi;1097;-1
coba masih invalid otp padahal benar isi sesuai pesan masuk;1098;-1
aplikasi otomatis kode otp masuk guna hanya pusing;1099;-1
sulit jelas daftar akun;1100;-1
daftar gagal masuk kode otp mohon maaf salah sistem silah;1101;-1
guna wilayah sumut medan;1102;0
nunggu kode otp lambat minta ampun nilai ulang hasil pajak;1103;-1
verifikasi data niat layan hal cuma bayar pajak masalah tidak laku bayar tanpa daftar akun lebih dahulu cari mudah malah tambah sulit;1104;-1
daftar akun aplikasi verifikasi ktp foto gagal solusi kembang terima kasih;1105;-1
sering gagal buka;1106;-1
tidak ngerti cara guna hanya pilih hapus data kendara motor anda padahal dulu aplikasi samolnas bagus mudah guna cepat bingung bayar pkb guna aplikasi dapat guna kadang negara suka begitu baik tiba hilang tidak guna keluar;1107;-1
daftar rumit verifikasi wajah ktp live masa harus nama manusia kadang kurus kadang gemuk kadang kumis jenggot masa gagal foto ktp live foto tidak sesuai;1108;-1
bayar pajak kendara kendara bukan atas nama;1109;-1
msi sinkronisasi kaya bank bjb teler kata teler bjb panjang teler bjb kata gagal malah lelah cari bank dekat;1110;-1
masih menu sulit akses seperti info cara bayar tolong tingkat aplikasi;1111;-1
bayar pajak mudah supaya taat pajak bukun males bayar pajak antre pungli jelas banyak syarat dokumen birokrasi buat malas datang bayar pajak contoh jawa barat sambara aplikasi layak contoh simpel sulit;1112;-1
tidak verifikasi foto kata foto sesuai ktp tidak tolong baik mungkin memang tidak dulu masih muda tua;1113;-1
bayar pajak notif selesai tetapi stnk darat alamat tuju;1114;-1
laku bayar via bank aplikasi hingga waktu kadaluarsa tidak konfirmasi solusi;1115;-1
buat verifikasi sulit banget gagal;1116;-1
verifikasi sulit banget foto ulang ulang masih gagal;1117;-1
masuk kode otp;1118;0
verifikasi padahal periksa nama nik wajah mohon mudah verifikasi opsi verifikasi manual seperti video call media;1119;-1
aplikasi betul cukup bantu harus baru maintenance baik baru sekali guna bayar pajak kendara malah gagal log;1120;1
tidak bayar pajak;1121;0
tanya signal mode bayar mohon info;1122;0
kirim berkas nyampe harus dateng kantor pos;1123;-1
bayar lalu atm belum bayar gagal;1124;-1
